07001	40.58396	-74.26970	1.09
07002	40.66249	-74.11020	1.36
07003	40.80914	-74.18714	1.30
07008	40.58379	-74.22746	1.18
07009	40.85802	-74.22978	1.16
07010	40.82205	-73.98794	0.55
07011	40.88043	-74.14325	1.00
07012	40.84690	-74.16054	0.84
07013	40.86941	-74.17306	1.19
07014	40.83134	-74.13542	0.68
07017	40.77192	-74.20708	0.85
07018	40.75573	-74.21792	0.73
07020	40.82465	-73.97379	0.56
07022	40.82111	-74.00303	0.52
07024	40.85064	-73.97101	0.89
07026	40.87980	-74.10825	0.82
07028	40.80480	-74.20457	0.65
07029	40.74362	-74.15490	0.65
07030	40.74525	-74.02793	0.63
07031	40.78626	-74.12622	0.89
07032	40.75233	-74.12309	1.68
07036	40.62471	-74.23936	1.86
07042	40.81349	-74.21901	1.10
07043	40.84484	-74.20050	0.90
07044	40.83247	-74.24286	0.94
07047	40.79364	-74.02503	1.28
07050	40.76804	-74.23569	0.84
07052	40.78576	-74.26506	1.96
07055	40.85755	-74.12909	1.00
07057	40.85308	-74.10632	0.56
07064	40.56742	-74.24493	0.65
07070	40.82031	-74.10604	0.94
07071	40.79711	-74.11298	1.21
07072	40.82643	-74.06234	1.12
07073	40.81710	-74.08502	1.09
07074	40.83814	-74.05508	0.59
07075	40.85018	-74.08707	0.60
07077	40.55415	-74.25306	0.70
07079	40.74881	-74.26151	0.95
07083	40.69527	-74.26908	1.67
07086	40.76801	-74.01701	0.50
07087	40.76722	-74.03243	0.64
07093	40.78670	-74.00891	0.61
07094	40.78196	-74.06765	1.36
07102	40.73566	-74.17360	0.60
07103	40.73885	-74.19526	0.83
07104	40.76771	-74.16835	0.90
07105	40.72307	-74.13864	1.22
07106	40.74177	-74.23045	0.67
07107	40.76292	-74.18656	0.72
07108	40.72310	-74.20039	0.66
07109	40.79348	-74.16116	1.03
07110	40.82062	-74.15625	1.04
07111	40.72386	-74.23252	0.96
07112	40.71139	-74.21168	0.66
07114	40.69781	-74.17081	1.59
07201	40.67127	-74.17736	1.43
07202	40.65246	-74.21685	0.86
07203	40.65221	-74.26016	0.92
07204	40.66531	-74.26655	0.62
07205	40.69589	-74.22880	0.94
07206	40.65208	-74.18376	0.75
07208	40.67291	-74.22405	0.76
07302	40.71881	-74.04463	0.68
07304	40.71730	-74.07635	0.81
07305	40.69300	-74.06965	1.35
07306	40.73629	-74.07113	0.98
07307	40.75184	-74.05398	0.78
07310	40.72789	-74.03321	0.44
07311	40.71908	-74.03262	0.13
07407	40.90453	-74.11951	0.92
07424	40.88232	-74.20588	1.35
07501	40.91200	-74.17096	0.76
07502	40.91966	-74.19503	0.52
07503	40.89755	-74.15412	0.70
07504	40.91243	-74.14069	0.51
07505	40.91701	-74.17194	0.28
07512	40.90342	-74.21978	1.12
07513	40.90459	-74.14897	0.43
07601	40.88940	-74.04570	1.16
07603	40.87429	-74.02974	0.49
07604	40.86151	-74.07311	0.70
07605	40.86339	-73.98847	0.69
07606	40.86480	-74.04811	0.48
07607	40.90288	-74.06346	0.64
07608	40.84961	-74.06189	0.74
07631	40.89120	-73.97252	1.25
07632	40.88463	-73.94465	0.82
07643	40.84343	-74.03424	0.69
07644	40.87792	-74.08250	0.85
07650	40.84702	-73.99706	0.63
07657	40.83268	-74.01409	0.90
07660	40.85471	-74.01993	0.74
07662	40.90650	-74.07801	0.56
07663	40.90310	-74.09359	0.93
07666	40.89032	-74.01148	1.39
07670	40.91831	-73.95052	1.21
10001	40.75065	-73.99730	0.45
10002	40.71597	-73.98690	0.51
10003	40.73186	-73.98912	0.43
10004	40.68980	-74.01739	0.38
10005	40.70622	-74.00869	0.15
10006	40.70949	-74.01305	0.18
10007	40.71387	-74.00787	0.23
10009	40.72639	-73.97860	0.44
10010	40.73904	-73.98262	0.34
10011	40.74184	-74.00053	0.45
10012	40.72563	-73.99794	0.32
10013	40.72005	-74.00481	0.42
10014	40.73414	-74.00603	0.39
10016	40.74518	-73.97805	0.42
10017	40.75239	-73.97268	0.31
10018	40.75533	-73.99270	0.33
10019	40.76573	-73.98507	0.46
10021	40.76964	-73.95902	0.34
10022	40.75857	-73.96793	0.38
10023	40.77457	-73.97902	0.56
10024	40.78566	-73.97127	0.53
10025	40.79825	-73.96834	0.53
10026	40.80298	-73.95353	0.35
10027	40.81266	-73.95498	0.55
10028	40.77645	-73.95338	0.32
10029	40.79225	-73.94733	0.61
10030	40.81825	-73.94283	0.30
10031	40.82480	-73.95021	0.46
10032	40.83904	-73.94281	0.46
10033	40.84748	-73.93551	0.44
10034	40.86708	-73.92431	0.57
10035	40.79525	-73.93042	0.67
10036	40.75979	-73.99068	0.38
10037	40.81303	-73.93771	0.27
10038	40.70926	-74.00290	0.30
10039	40.82629	-73.93753	0.31
10040	40.85810	-73.92960	0.42
10044	40.76191	-73.94997	0.27
10065	40.76469	-73.96326	0.36
10075	40.77341	-73.95629	0.25
10128	40.78150	-73.95020	0.38
10280	40.70970	-74.01659	0.18
10282	40.71638	-74.01500	0.15
10301	40.62750	-74.09438	1.09
10302	40.63081	-74.13766	0.62
10303	40.62989	-74.17413	1.00
10304	40.60596	-74.09354	1.05
10305	40.59655	-74.07578	1.13
10306	40.57171	-74.12426	1.52
10307	40.50775	-74.24209	0.72
10308	40.55283	-74.15153	0.83
10309	40.52984	-74.21978	1.52
10310	40.63261	-74.11615	0.76
10312	40.54524	-74.18044	1.48
10314	40.60070	-74.16431	2.03
10451	40.82217	-73.92262	0.58
10452	40.83779	-73.92334	0.56
10453	40.85251	-73.91329	0.54
10454	40.80558	-73.91660	0.58
10455	40.81480	-73.90860	0.47
10456	40.83067	-73.90816	0.59
10457	40.84571	-73.89792	0.65
10458	40.86249	-73.88645	0.62
10459	40.82569	-73.89300	0.51
10460	40.84234	-73.87906	0.69
10461	40.84674	-73.84079	0.87
10462	40.84327	-73.86042	0.69
10463	40.88634	-73.90155	0.94
10464	40.86959	-73.79585	0.99
10465	40.82733	-73.82217	1.12
10466	40.89096	-73.84624	0.80
10467	40.87526	-73.87203	0.86
10468	40.86894	-73.90000	0.58
10469	40.86851	-73.84669	0.88
10470	40.88953	-73.87259	0.68
10471	40.89998	-73.90675	0.74
10472	40.82968	-73.86937	0.59
10473	40.81869	-73.85847	0.82
10474	40.81134	-73.88517	0.70
10475	40.87564	-73.82693	0.63
10550	40.90545	-73.83525	0.80
10553	40.90861	-73.82157	0.47
10704	40.91973	-73.86265	0.92
10705	40.91934	-73.88934	0.84
10801	40.91757	-73.78486	1.04
10803	40.89953	-73.80588	0.84
10805	40.88637	-73.75767	0.74
11001	40.72332	-73.70495	0.84
11003	40.69918	-73.70617	1.15
11004	40.74619	-73.71151	0.55
11005	40.75664	-73.71424	0.24
11020	40.77144	-73.71482	0.78
11021	40.78432	-73.73149	0.87
11023	40.79891	-73.73365	0.73
11024	40.81625	-73.74287	1.06
11030	40.79341	-73.68855	1.45
11040	40.74535	-73.68029	1.24
11042	40.75854	-73.69745	0.44
11050	40.83989	-73.69312	1.80
11096	40.62135	-73.75699	0.63
11101	40.74711	-73.93971	0.91
11102	40.77160	-73.92560	0.47
11103	40.76260	-73.91328	0.47
11104	40.74484	-73.92047	0.37
11105	40.77909	-73.90652	0.72
11106	40.76221	-73.93153	0.52
11201	40.69370	-73.98986	0.66
11203	40.64957	-73.93433	0.83
11204	40.61881	-73.98494	0.71
11205	40.69689	-73.96807	0.61
11206	40.70187	-73.94255	0.67
11207	40.67016	-73.89383	0.93
11208	40.67485	-73.87248	0.92
11209	40.62180	-74.03015	0.82
11210	40.62806	-73.94631	0.72
11211	40.71408	-73.94517	0.68
11212	40.66291	-73.91307	0.70
11213	40.67115	-73.93627	0.59
11214	40.59969	-73.99637	0.80
11215	40.66269	-73.98674	0.83
11216	40.68084	-73.94922	0.55
11217	40.68167	-73.97853	0.48
11218	40.64312	-73.97645	0.66
11219	40.63262	-73.99677	0.69
11220	40.64103	-74.01669	0.74
11221	40.69143	-73.92763	0.66
11222	40.72779	-73.94760	0.70
11223	40.59709	-73.97347	0.81
11224	40.57737	-73.98871	0.70
11225	40.66312	-73.95387	0.53
11226	40.64641	-73.95666	0.64
11228	40.61673	-74.01343	0.69
11229	40.60129	-73.94449	0.80
11230	40.62209	-73.96519	0.77
11231	40.67792	-74.00515	0.67
11232	40.65654	-74.00518	0.63
11233	40.67830	-73.91993	0.66
11234	40.60772	-73.91065	1.53
11235	40.58422	-73.94317	0.88
11236	40.63941	-73.90066	1.07
11237	40.70416	-73.92114	0.56
11238	40.67133	-73.96594	0.77
11239	40.64689	-73.86401	0.74
11249	40.70450	-73.96600	0.48
11354	40.76821	-73.82739	0.83
11355	40.75144	-73.82123	0.74
11356	40.78487	-73.84153	0.71
11357	40.78513	-73.81004	0.95
11358	40.76036	-73.79653	0.79
11359	40.79160	-73.77672	0.28
11360	40.78042	-73.78184	0.66
11361	40.76419	-73.77277	0.74
11362	40.76020	-73.73242	0.81
11363	40.77235	-73.74629	0.52
11364	40.74625	-73.75606	0.89
11365	40.73963	-73.79449	0.89
11366	40.73112	-73.78046	0.70
11367	40.73047	-73.82275	0.78
11368	40.74974	-73.85304	0.92
11369	40.76349	-73.87222	0.59
11370	40.76539	-73.89422	0.70
11371	40.77441	-73.87327	0.59
11372	40.75172	-73.88367	0.49
11373	40.73895	-73.87856	0.69
11374	40.72646	-73.86146	0.55
11375	40.72297	-73.84318	0.88
11377	40.74477	-73.90516	0.90
11378	40.72474	-73.90964	0.88
11379	40.71706	-73.88052	0.84
11385	40.70065	-73.88942	1.07
11411	40.69406	-73.73627	0.61
11412	40.69802	-73.75908	0.72
11413	40.67117	-73.75206	0.98
11414	40.65760	-73.84480	0.86
11415	40.70808	-73.82804	0.42
11416	40.68459	-73.84971	0.46
11417	40.67641	-73.84459	0.60
11418	40.70032	-73.83602	0.73
11419	40.68861	-73.82306	0.60
11420	40.67350	-73.81770	0.82
11421	40.69403	-73.85866	0.64
11422	40.66079	-73.73757	0.82
11423	40.71567	-73.76830	0.67
11426	40.73641	-73.72236	0.66
11427	40.73094	-73.74572	0.71
11428	40.72099	-73.74220	0.51
11429	40.70956	-73.73848	0.65
11430	40.64697	-73.78730	1.51
11432	40.71493	-73.79296	0.80
11433	40.69809	-73.78675	0.70
11434	40.67786	-73.77707	1.02
11435	40.70108	-73.80964	0.69
11436	40.67586	-73.79665	0.50
11439	40.72194	-73.79459	0.22
11451	40.70119	-73.79578	0.15
11509	40.58796	-73.72853	0.52
11516	40.62622	-73.72678	0.54
11557	40.63608	-73.69392	0.81
11559	40.60292	-73.71443	1.15
11580	40.67490	-73.70215	1.11
11581	40.65103	-73.71533	0.93
11598	40.63094	-73.71234	0.79
11691	40.60210	-73.76179	0.92
11692	40.59415	-73.79199	0.57
11693	40.59166	-73.80967	0.56
11694	40.57531	-73.85124	0.75
11697	40.55713	-73.91372	0.81
